"Name","Short Name","Ultimate Parent","CRD Number","SEC Number","Website"
"Aegon USA Investment Management, LLC","Aegon","Aegon NV","114537","801-60667","https://www.aegonam.com/"
"American Money Management Corporation","AMMC","American Financial Group, Inc.","161853","801-74530","https://www.afginc.com/"
"Ares CLO Management II LLC","Ares","Ares Management LP","130074","801-63800","https://www.aresmgmt.com/"
"Ares CLO Management LLC","Ares","Ares Management LP","257788","801-106751","https://www.aresmgmt.com/"
"Bain Capital Credit U.S. CLO Manager II, LP","Bain","Bain Capital, LP",,,"https://www.baincapital.com/"
"Bain Capital Credit U.S. CLO Manager, LLC","Bain","Bain Capital, LP",,,"https://www.baincapital.com/"
"Bain Capital Senior Loan Program, LLC","Bain","Bain Capital, LP",,,"https://www.baincapital.com/"
"Barings LLC","Barings","Massachusetts Mutual Life Insurance Company","106006","801-241","https://www.barings.com/"
"BlackRock Financial Management, Inc.","BlackRock","BlackRock, Inc.","107105","801-48433","https://www.blackrock.com/"
"Blackstone / GSO CLO Management LLC","Blackstone","The Blackstone Group LP",,,"https://www.blackstone.com/"
"Blackstone CLO Management LLC","Blackstone","The Blackstone Group LP",,,"https://www.blackstone.com/"
"Blackstone Liquid Credit Strategies LLC","Blackstone","The Blackstone Group LP",,,"https://www.blackstone.com/"
"Blackstone Private Credit Fund","Blackstone","The Blackstone Group LP",,,"https://www.blackstone.com/"
"Blue Owl Credit Advisors LLC","Blue Owl","Blue Owl Capital Inc.",,,"https://www.blueowl.com/"
"Blue Owl Credit Income Senior Loan Fund LLC","Blue Owl","Blue Owl Capital Inc.",,,"https://www.blueowl.com/"
"Blue Owl Diversified Credit Advisors LLC","Blue Owl","Blue Owl Capital Inc.",,,"https://www.blueowl.com/"
"Blue Owl Liquid Credit Advisors LLC","Blue Owl","Blue Owl Capital Inc.",,,"https://www.blueowl.com/"
"Blue Owl Credit SLF LLC","Blue Owl","Blue Owl Capital Inc.",,,"https://www.blueowl.com/"
"Carlyle CLO Management LLC","Carlyle","The Carlyle Group LP",,,"https://www.carlyle.com/"
"Carlyle Investment Management LLC","Carlyle","The Carlyle Group LP",,,"https://www.carlyle.com/"
"Credit Suisse Asset Management, LLC","UBS",,,,"https://www.ubs.com/global/en/assetmanagement.html"
"CVC Credit Partners U.S. CLO Management LLC","CVC",,,,"https://www.cvc.com/"
"CVC Credit Partners, LLC","CVC",,,,"https://www.cvc.com/"
"Elmwood Asset Management LLC","Elmwood",,,,"https://elmwoodasset.com/"
"Franklin Advisers, Inc.","Franklin Templeton","Franklin Resources, Inc.",,,"https://www.franklintempleton.com/"
"GoldenTree Loan Management II, LP","GoldenTree",,,,
"GSO / Blackstone Debt Funds Management LLC","Blackstone",,,,
"Guggenheim Corporate Funding, LLC","Guggenheim","Guggenheim Capital, LLC",,,
"HPS Investment Partners, LLC","BlackRock",,,,"https://www.hpspartners.com/"
"Invesco CLO Equity Fund 3 LP","Invesco",,,,
"Invesco RR Fund LP","Invesco",,,,
"Invesco Senior Secured Management, Inc.","Invesco",,,,
"Ivy Hill Asset Management, L.P.","Ares","Ares Capital Corporation","161608","801-74555","https://www.aresmgmt.com/"
"Jocassee Partners LLC","Barings",,,,
"Jefferies Credit Management LLC","Jefferies",,,,
"LCM Asset Management LLC","LCM",,,,
"Marathon Asset Management, L.P.","Marathon",,,,
"Neuberger Berman Investment Advisers LLC","Neuberger Berman",,,,
"Neuberger Berman Loan Advisers IV LLC","Neuberger Berman",,,,
"Neuberger Berman Loan Advisers LLC","Neuberger Berman",,,,
"Neuberger Berman Loan Advisers II LLC","Neuberger Berman",,,,
"Northwestern Mutual Investment Management Company, LLC","Northwestern Mutual","The Northwestern Mutual Life Insurance Company","307865","801-119948","https://www.northwesternmutual.com/who-we-are/"
"Oak Hill Advisors, LP","Oak Hill",,,,
"Owl Rock Capital Advisors LLC","Blue Owl",,,,
"PGIM, Inc.","PGIM",,,,
"Redding Ridge Asset Management LLC","Apollo",,,,
"The Putnam Advisory Company, LLC","Franklin Templeton",,,,
"Wellington Management CLO Advisors LLC","Wellington",,,,
"ZAIS Leveraged Loan Master Manager, LLC","ZAIS","ZAIS Group Holdings, Inc.","108371","801-54979","https://www.zaisgroup.com/"
"UBS Asset Management (Americas), LLC","UBS","UBS Group AG","106838","801-34910",
"Investcorp Credit Management US LLC","Investcorp","Investcorp S.A.","165140","801-77039","https://www.investcorp.com/"
"Sycamore Tree CLO Manager, LLC","Sycamore Tree","Sycamore Tree Capital Partners, LP","311555","801-123678","https://www.sycamorelp.com/"
"Columbia Cent CLO Advisers, LLC","Columbia","Ameriprise Financial, Inc.","310864","801-119647",
"Brigade Capital Management, L.P.","Brigade","Brigade Capital Management, L.P.","144078","801-69965","https://brigadecapital.com/"
"Canyon CLO Advisors L.P.","Canyon","Canyon Partners, LLC","226636","801-100453","https://www.canyonpartners.com/"
"Oaktree Capital Management, LP","Oaktree","Brookfield Corporation","106793","801-48923","https://www.oaktreecapital.com/"
"Centerbridge Credit Funding Advisors, LLC","Centerbridge","Centerbridge Partners Holdings, LLC","157359","801-73876","https://www.centerbridge.com/"
"Onex Credit Partners, LLC","Onex","Onex Corporation","138941","801-65396","https://www.onex.com/"
"Blackstone Private Credit Strategies LLC","Blackstone","Blackstone Inc.","327208","801-128455","https://www.blackstone.com/"
"KKR Financial Advisors II, LLC","KKR","KKR & Co. Inc.","146629","801-69633",
"BSP CLO Management LLC","Benefit Street","Franklin Resources, Inc.","304962","801-117734","https://benefitstreetpartners.com/"
"Octagon Credit Investors, LLC","Octagon","Conning & Company","155336","801-71998","https://www.octagoncredit.com/"
"Whitestar Asset Management LLC","Whitestar","Clearlake Capital Group, L.P.","167408","801-78493","https://clearlake.com/"
"OPAL BSL LLC","Golub","Golub Capital","289425","801-111632","https://golubcapital.com/"
"CIFC Asset Management LLC","CIFC","CIFC LLC","159172","801-72883","https://cifc.com/"
"Apex Credit Partners LLC","Jefferies","Jefferies Financial Group Inc.","162264","801-74480","https://apexcreditpartners.com/"
"Deerpath Capital Management, LP","Deerpath","PGIM, Inc.","160791","801-76599","https://www.deerpathcapital.com/"
"H.I.G. Capital, LLC","HIG","H.I.G. Capital, LLC","160711","801-74338","https://hig.com/"
"Trinitas Capital Management, LLC","Trinitas","Trinitas Capital Management, LLC","281328","801-106701",
"AXA Investment Managers US Inc.","AXA","AXA S.A.","113608","801-60374","https://www.axa-im.com/"
"Angelo, Gordon & Co., L.P.","Angelo Gordon","TPG Inc.","131940","801-34300","https://www.angelogordon.com/"
"Black Diamond Capital Management, LLC","Black Diamond","Black Diamond Capital Holdings, L.L.C.","154495","801-71712","https://www.bdcm.com/"
"Voya Alternative Asset Management LLC","Voya","Voya Financial, Inc.","107235","801-51125","https://www.voya.com/"
"PennantPark Senior Loan Fund, LLC","PennantPark","PennantPark Investment Advisers, LLC",,,"https://www.pennantpark.com/"
"Comvest Capital Advisory Services LLC","Comvest","Comvest Group Holdings LP","160753","801-74325","https://comvest.com/"
"Arini Loan Management US LLC","Arini","Arini Capital Management Limited","331263","801-130894","https://arini.com/"
"Sculptor CLO Advisors LLC","Scupltor","Rithm Capital Corp.","107913","801-56729","https://www.sculptor.com/"
"GC Investment Management LLC","Golub","GC Advisors","148687","801-70448","https://golubcapital.com/"
"TPG Angelo Gordon","Angelo Gordon","TPG Inc.","131940","801-34300","https://www.tpg.com/platforms/tpg-angelo-gordon"
"Sound Point CLO C-MOA, LLC","Sound Point","Sound Point Capital Management, LP","293256","801-114824","https://www.soundpointcap.com/"
"Generate Advisors, LLC","Generate","Kennedy Lewis Investment Management LLC","316091","801-122289","https://generatecapital.com/"
"Rockford Tower Capital Management, LLC","King Street","King Street Capital Management GP, LLC","156785","801-73828","https://www.rockfordtower.com/"
"TCI Capital Management LLC","LCM","Tetragon Financial Group Limited","156040","801-74150","https://www.tetragoninv.com/"
"NYL Investors LLC","NY Life","New York Life Insurance Company","169553","801-78759","https://www.newyorklifeinvestments.com/"
"Invesco CLO Equity Fund 5 LP","Invesco","Invesco Ltd.",,,"https://www.invesco.com/"
"Symphony Alternative Asset Management LLC","Symphony","Teachers Insurance and Annuity Association of America",,,"https://www.nuveen.com/"
"RREEF America LLC","DWS","DWS Group GmbH & Co. KGaA","109596","801-55209","https://www.dws.com/en-us/"
"Apogem Capital LLC","Apogem","New York Life Insurance Company","309234","801-118844","https://www.newyorklifeinvestments.com/"
"Sixth Street CLO XIX Management, LLC","Sixth Street","Sixth Street Partners",,,"https://sixthstreet.com/"
"Antares Liquid Credit Strategies LLC","Antares","Antares Holdings LP",,,"https://www.antares.com/"
"FCO XXXVII CLO CM LLC","Fortress","Fortress Investment Group LLC","129612","801-62982","https://www.fortress.com/"
"Garnet Credit Management LLC","Garnet","Elliott Investment Management LP","334755","801-132278","https://garnetcredit.com/"
"New Mountain Credit CLO Advisers, LLC","New Mountain","New Mountain Capital Group, LP","307111","801-118070","https://www.newmountaincapital.com/"
"Greywolf Loan Management LP","Greywolf","Greywolf Capital Management LP","138715","801-65669","https://www.greywolfcapital.com/"
"Birch Grove Capital LP","Birch Grove","AS Birch Grove LP","168245","801-78265","https://www.tpbirchgrove.com/"
"RBC Global Asset Management (U.S.) Inc.","Blue Bay","Royal Bank of Canada","107173","801-20303","https://www.rbcbluebay.com/"
"LCM EURO LLC","LCM","Tetragon Financial Group Limited","156040","801-74150",
"First Eagle Alternative Credit, LLC","First Eagle","BCP CC Holdings L.P.","https://www.firsteagle.com/","801-71201",
"Cerberus Business Finance, LLC","Cerberus","Cerberus Capital Management, L.P.","152175","801-70989","https://www.cerberus.com/"
"Partners Group US Management CLO LLC","Partners Group","Partners Group Holding AG","293856","801-112862","https://www.partnersgroup.com/en"
"Ballyrock Investment Advisors LLC","Fidelity","FMR LLC","115324","801-60583","https://www.fidelity.com/"
"Anchorage Capital Advisors, LP","Anchorage","Anchorage Capital Advisors, LP","328998","801-129231","https://anchoragecapital.com/"
"Morgan Stanley | Eaton Vance CLO Manager LLC","MS Eaton Vance","Morgan Stanley","309263","801-118877","https://www.eatonvance.com/"
"Apex Credit Holdings LLC","Jefferies","Jefferies Financial Group Inc.","162264","801-74480","https://apexcreditpartners.com/"
"AGL CLO Credit Management LLC","AGL","Abu Dhabi Investment Authority","299601","801-114401","https://www.aglcredit.com/"
"Romark CLO Advisors LLC","Shenkman","Shenkman Capital Management, Inc.","298909","801-114216","https://www.shenkmancapital.com/"
"Empower Capital Management, LLC","Empower","Power Financial Corporation","107272","801-52309","https://www.empower.com/"
"FC BSL CLO Manager V LLC","Fortress","Fortress Investment Group LLC","129612","801-62982","https://www.fortress.com/"
"Abry Partners III, LLC","Abry","Abry Partners III, LLC","323712","801-129126","https://abry.com/"
"BlackRock Capital Investment Advisors, LLC","BlackRock","BlackRock, Inc.","290336","801-112118","https://www.blackrock.com/"
"Morgan Stanley Direct Lending Fund","Morgan Stanley","Morgan Stanley",,,"https://www.msdl.com/"
"Napier Park Global Capital (US) LP","Napier Park","First Eagle Holdings Inc.","166333","801-77543","https://napierparkglobal.com/"
"MJX Asset Management LLC","MJX","MJX Asset Management LLC","148976","801-71940","https://www.mjxam.com/"
"Jefferies Credit Partners LLC","Jefferies","Jefferies Financial Group Inc.","162264","801-74480","https://www.jefferies.com/"
"Diameter Captial Partners LP","Diameter","Diameter Captial Partners LP","289307","801-111022","https://www.diametercap.com/"
"Seix Investment Advisors LLC","Seix","Virtus Investment Partners, Inc.","146029","801-68743","https://www.seixadvisors.com/about"
"Allstate Investment Management Company","Allstate","The Allstate Corporation","107775","801-30535","https://www.allstate.com/"
"CBAM CLO Management LLC","Carlyle","The Carlyle Group Inc.",,,
"ICG Debt Advisors LLC - Manager Series","ICG","Intermediate Capital Group plc","162589","801-79072","https://www.icgam.com/"
"PineBridge Galaxy LLC","PineBridge","ChiltonLink Limited","285211","801-108522","https://www.pinebridge.com/"
"Palmer Square Capital Management LLC","Palmer Square","Palmer Square Holdings, LLC","155697","801-72047","https://www.palmersquarecap.com/"
"MidCap Financial Services Capital Management, LLC","Apollo","Apollo Global Management, Inc.","285820","801-108694","https://www.midcapfinancial.com/"
"Marble Point CLO Management LLC","Investcorp","Investcorp Holdings B.S.C.(c)","284749","801-108241",
"Audax Private Debt","Audax","Audax Management Company (NY), LLC","159458","801-72999","https://www.audaxprivatedebt.com/"
"Crescent Capital Group LP","Crescent","Sun Life Financial Inc.","153966","801-71747",
"Silver Point Select C CLO Manager, LLC","Silver Point","Silver Point Capital Management, LLC","157738","801-73840","https://www.silverpointcapital.com/"
"Eldridge Credit Advisers, LLC","Eldridge","Eldridge Industries, LLC","155736","801-73096","https://www.eldridge.com/"
"Western Asset Management Company, LLC","WAMCO","Franklin Resources, Inc.","110441","801-8162","https://www.westernasset.com/us/en/"
"Warwick Capital CLO Management LLC","Warwick",,"323630","802-126995","https://www.warwickcap.com/"
"Golub Capital Liquid Credit Advisors LLC","Golub","GC Opal Advisors LLC","289425","801-111632","https://golubcapital.com/"
"Brightwood Capital Advisors, LP","Brightwood","Brightwood Capital Advisors, LP","167330","801-78420",
"International Finance Corporation","IFC","World Bank Group",,,"https://www.ifc.org/en/home"
"Trimaran Advisors, LLC","Trimaran",,"158256","801-73637","https://www.raymondjames.com/trimaranadvisors"
"Sixth Street CLO XVIII Management, LLC","Sixth Street","Sixth Street Partners",,,"https://sixthstreet.com/"
"Sagard HalseyPoint CLO Management LP","HalseyPoint","HalseyPoint Holdco, LLC",,,"https://halseypoint.com/"
"Saratoga Senior Loan Fund I JV, LLC","Saratoga","Saratoga Investment Corp.",,,"https://saratogainvestmentcorp.com/"
"FC BSL CLO Manager IV LLC","Fortress","Fortress Investment Group LLC","129612","801-62982","https://www.fortress.com/"
"CTM Asset Management","CTM",,,,"https://www.ctmasset.com/"
"STWD Investment Management, LLC","Starwood","Starwood Property Trust, Inc.","288615","801-117203","https://www.starwoodpropertytrust.com/"
"Anchorage Collateral Management, LLC","Anchorage","Anchorage Capital Advisors, LP",,,"https://anchoragecapital.com/"
"Permira US CLO Manager LLC","Permira","Permira Holdings Limited","330996","801-130817","https://www.permira.com/"
"Churchill Asset Management LLC","Churchill","Teachers Insurance and Annuity Association of America","175092","801-81144","https://www.churchillam.com/"
"Sycamore Tree CLO Advisors, LP","Sycamore Tree","Sycamore Tree Capital Partners, LP",,,"https://www.sycamorelp.com/"
"Columbia Management Investment Advisers, LLC","Columbia","Ameriprise Financial, Inc.","108257","801-25943",
"Atlantic Avenue Management RR LLC","MC Credit Partners","MC Credit Partners LP",,,
"GC Advisors LLC","Golub","GC Advisors LLC",,,
"Ares Capital Management LLC","Ares","Ares Management Corporation",,,
"PPM Loan Management Company, LLC","PPM","Jackson Financial Inc.",,,
"Bain Capital Credit U.S. CLO Manager III, LP","Bain","Bain Capital, LP",,,"https://www.baincapital.com/"
"GoldenTree Asset Management LP","GoldenTree",,,,
"Apollo Debt Solutions BDC","Apollo",,,,
"Orix Advisors, LLC","Orix","ORIX Corporation","307580","801-118177",
"Sound Point Capital Management, LP","Sound Point",,,,
"Monroe Capital, LLC","Monroe",,,,
"MidOcean Credit RR Manager LLC","MidOcean","Ultramar Credit Holdings Ltd.",,,
"FS Structured Products Advisor, LLC","FS"," Franklin Square Holdings, L.P.","301285","801-117899",
"King Street Capital Management, LP","King Street","King Street Capital Management GP, L.L.C.","156785","801-73828",
"FCOO CLO Management LLC","Fortress","Fortress Investment Group LLC","129612","801-62982","https://www.fortress.com/"
"Bain Capital Credit OneIM, LLC","Bain","Bain Capital, LP",,,
"Vibrant Capital Partners, Inc.","Vibrant","Vibrant Capital Partners, Inc.","148352","801-70031","https://www.vibrantcapitalpartners.com/"
"FC BSL X Management LLC","Fortress","Fortress Investment Group LLC",,,
"Blue Owl Technology Credit Advisors LLC","Blue Owl","Blue Owl Capital Inc.",,,
"Five Arrows North America LLC","Five Arrows","Rothschild & Co.","136191","801-64560",
"Eldridge CLO Manager, LLC","Eldridge","Eldridge",,,
"Regatta Loan Management LLC","Napier Park","First Eagle Investment Management LLC","226518","801-96246",
"BMO Asset Management Corp.","BMO","Bank of Montreal",,,
"Antares Capital Advisers LLC","Antares",,"281998","801-106919",
"Hayfin Capital Management LLC","Hayfin","Hayfin Capital Management (Delaware) Inc.","157131","801-73574",
"BH Credit Management LLC","Barrow Hanley","Perpetual Limited","317505","801-123071",
"Bardin Hill Investment Partners LP","Bardin Hill","Man Group","282371","801-107221",
"Pacific Investment Management Company LLC","PIMCO","Allianz SE","104559","801-48187",
"Partners Group CLO Advisers LP","Partners Group","Partners Group Holding AG",,,
"Ares U.S. CLO Management III LLC - Series A","Ares","Ares Management LP",,,
"Sixth Street CLO XXIII Management LLC","Sixth Street","Sixth Street Partners",,,
"Silver Point CLO Equity Fund II Manager, LLC","Silver Point","Silver Point Capital Management, LLC",,,
"Bain Capital Credit, LP","Bain",,,,
"1988 Asset Management, LLC","Muzinich",,,,
"AB Broadly Syndicated Loan Manager LLC","AB",,,,
"Macquarie Asset Management","Maquarie",,,,
"Brightwood SPV Advisors, LLC","Brightwood","Brightwood Capital Advisors, LP",,,
"Post Advisory Group LLC","Post",,,,
"Capital Four US CLO Management LLC","Capital Four",,,,
"Anthelion Capital Partners LLC","Anthelion",,,,
"APC Asset Development II, LP","Aristotle Pacific","Aristotle Pacific Capital, LLC","328587","801-128950","https://www.aristotlepacific.com/"
"FC BSL IX Management LLC","Fortress","Fortress Investment Group",,,
"Aristotle Pacific Capital, LLC","Aristotle Pacific","Aristotle Pacific Capital, LLC",,,
"TCW Asset Management Company LLC",,"The TCW Group, Inc.","105742","801-6642",
"ArrowMark Colorado Holdings LLC","ArrowMark","ArrowMark Colorado Holdings, LLC",,,
"CQS (US), LLC","CQS","The Manufacturers Life Insurance Company","147329","801-69452",
"GLM III, LP","GoldenTree",,,,
"Palmer Square Europe Capital Management LLC","Palmer Square",,,,
"Sancus Credit Advisors, LP","Sancus","Sancus Capital Management LP","157121","801-74311",
"Clearlake Capital Asset Management, LLC","Clearlake","Clearlake Capital Group, L.P.","167408","801-78493",
"Obra CLO Management LLC","Obra","Obra Capital Management, LLC","155231","801-71894",
"Starwood Capital Group Management, L.L.C.","Starwood","Starwood Capital Group Management, L.L.C.","110148","801-56403",
"Chamonix Partners Capital Management LLC","Chamonix","Natixis S.A.","318867","801-126916",
"Clifford Capital Markets Pte. Ltd.","Clifford",,,,
"Tikehau Structured Credit Management LLC","Tikehau","Tikehau Capital S.C.A.","289075","801-111758",
"Polen Capital CLO Management, LLC","Polen",,,,
"Beach Point CLO Management LLC","Beach Point","Beach Point Capital Management LP",,,
"Silver Point Capital, L.P.","Silver Point",,,,
"Sixth Street CLO 31 Management LLC","Sixth Street",,,,
"Whitebox Capital Management LLC","Whitebox","Whitebox Advisors LLC",,,
" BlackRock US Loan Funding LLC.","BlackRock","BlackRock",,,
" AB Private Credit Investors LLC","AB",,,,
"OFS CLO Management LLC","OFS",,,,
"Adams Street Credit Advisors LP","Adams Street",,,,
"Bain Capital Senior Loan Program II, LLC","Bain","Bain Capital, LP",,,
"PennantPark Investment Advisers, LLC","PennantPark",,,,
"Sixth Street CLO XVI Management, LLC","Sixth Street","Sixth Street Partners",,,
"Kohlberg & Co., LLC","Kohlberg",,,,
"Silver Point Loan Funding Management, LLC","Silver Point",,,,
"MidOcean","MidOcean","MidOcean",,,
"Silver Rock Management LLC","Silver Rock",,,,
"PineBridge Investments LLC","PineBridge",,,,
"Mountain Point Credit Management LLC","Mountain Point","Eagle Point Holdings LP","330615","801-130270","https://www.mountainpointcredit.com/"
"Bain Capital Credit CLO Management III DE LP","Bain","Bain Capital, LP",,,
"Sculptor CLO Management LLC","Sculptor",,,,
"Kennedy Lewis Loan Management LLC","Kennedy Lewis",,,,
"Fidelity CLO Advisers LP","Fidelity",,,,
"1988 CLO LP","Muzinich",,,,
